"section","module","path","review_focus","priority","status","notes"
"Backend","Accounts","budgetwise-api/src/accounts/accounts.controller.ts","Behavior, auth/tenant safety, DTO validation, error handling, performance","Normal","TODO",""
"Backend","Accounts","budgetwise-api/src/accounts/accounts.module.ts","Behavior, auth/tenant safety, DTO validation, error handling, performance","Normal","TODO",""
"Backend","Accounts","budgetwise-api/src/accounts/accounts.service.ts","Behavior, auth/tenant safety, DTO validation, error handling, performance","Normal","TODO",""
"Backend","Accounts","budgetwise-api/src/accounts/dto/adjust-balance.dto.ts","Behavior, auth/tenant safety, DTO validation, error handling, performance","Normal","TODO",""
"Backend","Accounts","budgetwise-api/src/accounts/dto/create-account.dto.ts","Behavior, auth/tenant safety, DTO validation, error handling, performance","Normal","TODO",""
"Backend","Accounts","budgetwise-api/src/accounts/dto/update-account.dto.ts","Behavior, auth/tenant safety, DTO validation, error handling, performance","Normal","TODO",""
"Backend","App Bootstrap","budgetwise-api/src/app.module.ts","Behavior, auth/tenant safety, DTO validation, error handling, performance","High","TODO",""
"Backend","App Bootstrap","budgetwise-api/src/main.ts","Behavior, auth/tenant safety, DTO validation, error handling, performance","High","TODO",""
"Backend","Auth","budgetwise-api/src/auth/auth.controller.ts","Behavior, auth/tenant safety, DTO validation, error handling, performance","Normal","TODO",""
"Backend","Auth","budgetwise-api/src/auth/auth.module.ts","Behavior, auth/tenant safety, DTO validation, error handling, performance","Normal","TODO",""
"Backend","Auth","budgetwise-api/src/auth/current-user.decorator.ts","Behavior, auth/tenant safety, DTO validation, error handling, performance","Normal","TODO",""
"Backend","Auth","budgetwise-api/src/auth/internal-admin.guard.ts","Behavior, auth/tenant safety, DTO validation, error handling, performance","Normal","TODO",""
"Backend","Auth","budgetwise-api/src/auth/jwt.strategy.ts","Behavior, auth/tenant safety, DTO validation, error handling, performance","Normal","TODO",""
"Backend","Auth","budgetwise-api/src/auth/jwt-auth.guard.ts","Behavior, auth/tenant safety, DTO validation, error handling, performance","Normal","TODO",""
"Backend","Auth","budgetwise-api/src/auth/public.decorator.ts","Behavior, auth/tenant safety, DTO validation, error handling, performance","Normal","TODO",""
"Backend","Backend Config & Tooling","budgetwise-api/.env.example","Correctness, maintainability, project fit","Normal","TODO",""
"Backend","Backend Config & Tooling","budgetwise-api/.gitignore","Correctness, maintainability, project fit","Normal","TODO",""
"Backend","Backend Config & Tooling","budgetwise-api/.prettierrc","Correctness, maintainability, project fit","Normal","TODO",""
"Backend","Backend Config & Tooling","budgetwise-api/eslint.config.mjs","Correctness, maintainability, project fit","Normal","TODO",""
"Backend","Backend Config & Tooling","budgetwise-api/nest-cli.json","Config correctness, env safety, build/runtime compatibility","Normal","TODO",""
"Backend","Backend Config & Tooling","budgetwise-api/package.json","Config correctness, env safety, build/runtime compatibility","Normal","TODO",""
"Backend","Backend Config & Tooling","budgetwise-api/package-lock.json","Config correctness, env safety, build/runtime compatibility","Normal","TODO",""
"Backend","Backend Config & Tooling","budgetwise-api/prisma.config.ts","Behavior, auth/tenant safety, DTO validation, error handling, performance","Normal","TODO",""
"Backend","Backend Config & Tooling","budgetwise-api/README.md","Accuracy, drift, missing context, outdated instructions","Normal","TODO",""
"Backend","Backend Config & Tooling","budgetwise-api/tsconfig.build.json","Config correctness, env safety, build/runtime compatibility","Normal","TODO",""
"Backend","Backend Config & Tooling","budgetwise-api/tsconfig.json","Config correctness, env safety, build/runtime compatibility","Normal","TODO",""
"Backend","Budgets","budgetwise-api/src/budgets/budgets.controller.ts","Behavior, auth/tenant safety, DTO validation, error handling, performance","Normal","TODO",""
"Backend","Budgets","budgetwise-api/src/budgets/budgets.module.ts","Behavior, auth/tenant safety, DTO validation, error handling, performance","Normal","TODO",""
"Backend","Budgets","budgetwise-api/src/budgets/budgets.service.ts","Behavior, auth/tenant safety, DTO validation, error handling, performance","Normal","TODO",""
"Backend","Budgets","budgetwise-api/src/budgets/dto/copy-budgets.dto.ts","Behavior, auth/tenant safety, DTO validation, error handling, performance","Normal","TODO",""
"Backend","Budgets","budgetwise-api/src/budgets/dto/create-budget.dto.ts","Behavior, auth/tenant safety, DTO validation, error handling, performance","Normal","TODO",""
"Backend","Budgets","budgetwise-api/src/budgets/dto/filter-budgets.dto.ts","Behavior, auth/tenant safety, DTO validation, error handling, performance","Normal","TODO",""
"Backend","Budgets","budgetwise-api/src/budgets/dto/update-budget.dto.ts","Behavior, auth/tenant safety, DTO validation, error handling, performance","Normal","TODO",""
"Backend","Categories","budgetwise-api/src/categories/categories.controller.ts","Behavior, auth/tenant safety, DTO validation, error handling, performance","Normal","TODO",""
"Backend","Categories","budgetwise-api/src/categories/categories.module.ts","Behavior, auth/tenant safety, DTO validation, error handling, performance","Normal","TODO",""
"Backend","Categories","budgetwise-api/src/categories/categories.service.ts","Behavior, auth/tenant safety, DTO validation, error handling, performance","Normal","TODO",""
"Backend","Categories","budgetwise-api/src/categories/dto/create-category.dto.ts","Behavior, auth/tenant safety, DTO validation, error handling, performance","Normal","TODO",""
"Backend","Categories","budgetwise-api/src/categories/dto/update-category.dto.ts","Behavior, auth/tenant safety, DTO validation, error handling, performance","Normal","TODO",""
"Backend","Chat","budgetwise-api/src/chat/chat.controller.ts","Behavior, auth/tenant safety, DTO validation, error handling, performance","Normal","TODO",""
"Backend","Chat","budgetwise-api/src/chat/chat.module.ts","Behavior, auth/tenant safety, DTO validation, error handling, performance","Normal","TODO",""
"Backend","Chat","budgetwise-api/src/chat/chat.service.ts","Behavior, auth/tenant safety, DTO validation, error handling, performance","High","TODO",""
"Backend","Chat","budgetwise-api/src/chat/dto/create-session.dto.ts","Behavior, auth/tenant safety, DTO validation, error handling, performance","Normal","TODO",""
"Backend","Chat","budgetwise-api/src/chat/dto/send-message.dto.ts","Behavior, auth/tenant safety, DTO validation, error handling, performance","Normal","TODO",""
"Backend","Chat","budgetwise-api/src/chat/dto/update-session.dto.ts","Behavior, auth/tenant safety, DTO validation, error handling, performance","Normal","TODO",""
"Backend","Chat","budgetwise-api/src/chat/guardrails.service.ts","Behavior, auth/tenant safety, DTO validation, error handling, performance","Normal","TODO",""
"Backend","Chat","budgetwise-api/src/chat/pending-confirmation.service.ts","Behavior, auth/tenant safety, DTO validation, error handling, performance","Normal","TODO",""
"Backend","Chat","budgetwise-api/src/chat/tools/tool-definitions.ts","Behavior, auth/tenant safety, DTO validation, error handling, performance","Normal","TODO",""
"Backend","Chat","budgetwise-api/src/chat/tools/tool-executor.ts","Behavior, auth/tenant safety, DTO validation, error handling, performance","Normal","TODO",""
"Backend","Common Backend Utilities","budgetwise-api/src/common/constants/limits.ts","Behavior, auth/tenant safety, DTO validation, error handling, performance","Normal","TODO",""
"Backend","Common Backend Utilities","budgetwise-api/src/common/date.util.ts","Behavior, auth/tenant safety, DTO validation, error handling, performance","Normal","TODO",""
"Backend","Common Backend Utilities","budgetwise-api/src/common/filters/all-exceptions.filter.ts","Behavior, auth/tenant safety, DTO validation, error handling, performance","Normal","TODO",""
"Backend","Database Migrations","budgetwise-api/prisma/migrations/20260324073426_init/migration.sql","DDL safety, data-loss risk, rollback implications","Normal","TODO",""
"Backend","Database Migrations","budgetwise-api/prisma/migrations/20260325023942_add_chat_sessions/migration.sql","DDL safety, data-loss risk, rollback implications","Normal","TODO",""
"Backend","Database Migrations","budgetwise-api/prisma/migrations/20260326122630_add_is_settled_to_transaction/migration.sql","DDL safety, data-loss risk, rollback implications","Normal","TODO",""
"Backend","Database Migrations","budgetwise-api/prisma/migrations/20260327114917_add_recurring_transactions/migration.sql","DDL safety, data-loss risk, rollback implications","Normal","TODO",""
"Backend","Database Migrations","budgetwise-api/prisma/migrations/20260330092749_add_new_account_types/migration.sql","DDL safety, data-loss risk, rollback implications","Normal","TODO",""
"Backend","Database Migrations","budgetwise-api/prisma/migrations/20260330121127_add_is_system_to_category/migration.sql","DDL safety, data-loss risk, rollback implications","Normal","TODO",""
"Backend","Database Migrations","budgetwise-api/prisma/migrations/20260331000000_add_user_id_multi_tenancy/migration.sql","DDL safety, data-loss risk, rollback implications","Normal","TODO",""
"Backend","Database Migrations","budgetwise-api/prisma/migrations/20260401120000_add_maintaining_balance_to_account/migration.sql","DDL safety, data-loss risk, rollback implications","Normal","TODO",""
"Backend","Database Migrations","budgetwise-api/prisma/migrations/20260402052903_add_recurring_next_due_date_index/migration.sql","DDL safety, data-loss risk, rollback implications","Normal","TODO",""
"Backend","Database Migrations","budgetwise-api/prisma/migrations/20260406083611_rename_recurring_to_bill/migration.sql","DDL safety, data-loss risk, rollback implications","Normal","TODO",""
"Backend","Database Migrations","budgetwise-api/prisma/migrations/20260408012327_add_account_provider_id/migration.sql","DDL safety, data-loss risk, rollback implications","Normal","TODO",""
"Backend","Database Migrations","budgetwise-api/prisma/migrations/20260408023858_add_transfer_transaction_type/migration.sql","DDL safety, data-loss risk, rollback implications","Normal","TODO",""
"Backend","Database Migrations","budgetwise-api/prisma/migrations/20260408031546_add_goals/migration.sql","DDL safety, data-loss risk, rollback implications","Normal","TODO",""
"Backend","Database Migrations","budgetwise-api/prisma/migrations/20260408060655_add_goal_category/migration.sql","DDL safety, data-loss risk, rollback implications","Normal","TODO",""
"Backend","Database Migrations","budgetwise-api/prisma/migrations/20260408064808_financial_goals_typed_links/migration.sql","DDL safety, data-loss risk, rollback implications","Normal","TODO",""
"Backend","Database Migrations","budgetwise-api/prisma/migrations/20260408093000_remove_goal_category/migration.sql","DDL safety, data-loss risk, rollback implications","Normal","TODO",""
"Backend","Database Migrations","budgetwise-api/prisma/migrations/20260408095500_protect_goal_default_categories/migration.sql","DDL safety, data-loss risk, rollback implications","Normal","TODO",""
"Backend","Database Migrations","budgetwise-api/prisma/migrations/20260408103000_rename_bill_to_scheduled_transaction/migration.sql","DDL safety, data-loss risk, rollback implications","Normal","TODO",""
"Backend","Database Migrations","budgetwise-api/prisma/migrations/20260408112531_add_notifications_and_notify_days/migration.sql","DDL safety, data-loss risk, rollback implications","Normal","TODO",""
"Backend","Database Migrations","budgetwise-api/prisma/migrations/20260409014822_add_budget_spillover/migration.sql","DDL safety, data-loss risk, rollback implications","Normal","TODO",""
"Backend","Database Migrations","budgetwise-api/prisma/migrations/migration_lock.toml","Dependency choices, reproducibility, pipeline safety","Normal","TODO",""
"Backend","Database Schema","budgetwise-api/prisma/schema.prisma","Schema integrity, relations, enums, constraints, indexes","High","TODO",""
"Backend","Email","budgetwise-api/src/email/email.module.ts","Behavior, auth/tenant safety, DTO validation, error handling, performance","Normal","TODO",""
"Backend","Email","budgetwise-api/src/email/email.service.ts","Behavior, auth/tenant safety, DTO validation, error handling, performance","Normal","TODO",""
"Backend","Goals","budgetwise-api/src/goals/dto/contribute-goal.dto.ts","Behavior, auth/tenant safety, DTO validation, error handling, performance","Normal","TODO",""
"Backend","Goals","budgetwise-api/src/goals/dto/create-goal.dto.ts","Behavior, auth/tenant safety, DTO validation, error handling, performance","Normal","TODO",""
"Backend","Goals","budgetwise-api/src/goals/dto/update-goal.dto.ts","Behavior, auth/tenant safety, DTO validation, error handling, performance","Normal","TODO",""
"Backend","Goals","budgetwise-api/src/goals/goals.controller.ts","Behavior, auth/tenant safety, DTO validation, error handling, performance","Normal","TODO",""
"Backend","Goals","budgetwise-api/src/goals/goals.module.ts","Behavior, auth/tenant safety, DTO validation, error handling, performance","Normal","TODO",""
"Backend","Goals","budgetwise-api/src/goals/goals.service.ts","Behavior, auth/tenant safety, DTO validation, error handling, performance","Normal","TODO",""
"Backend","Health","budgetwise-api/src/health/health.controller.ts","Behavior, auth/tenant safety, DTO validation, error handling, performance","Normal","TODO",""
"Backend","Health","budgetwise-api/src/health/health.module.ts","Behavior, auth/tenant safety, DTO validation, error handling, performance","Normal","TODO",""
"Backend","Notifications","budgetwise-api/src/notifications/dto/list-notifications.dto.ts","Behavior, auth/tenant safety, DTO validation, error handling, performance","Normal","TODO",""
"Backend","Notifications","budgetwise-api/src/notifications/notifications.controller.ts","Behavior, auth/tenant safety, DTO validation, error handling, performance","Normal","TODO",""
"Backend","Notifications","budgetwise-api/src/notifications/notifications.module.ts","Behavior, auth/tenant safety, DTO validation, error handling, performance","Normal","TODO",""
"Backend","Notifications","budgetwise-api/src/notifications/notifications.service.ts","Behavior, auth/tenant safety, DTO validation, error handling, performance","Normal","TODO",""
"Backend","Prisma Module","budgetwise-api/src/prisma/prisma.module.ts","Behavior, auth/tenant safety, DTO validation, error handling, performance","Normal","TODO",""
"Backend","Prisma Module","budgetwise-api/src/prisma/prisma.service.ts","Behavior, auth/tenant safety, DTO validation, error handling, performance","Normal","TODO",""
"Backend","Prisma Setup & Seed","budgetwise-api/prisma/seed.ts","Behavior, auth/tenant safety, DTO validation, error handling, performance","Normal","TODO",""
"Backend","Reports","budgetwise-api/src/reports/report-cache.service.ts","Behavior, auth/tenant safety, DTO validation, error handling, performance","Normal","TODO",""
"Backend","Reports","budgetwise-api/src/reports/reports.controller.ts","Behavior, auth/tenant safety, DTO validation, error handling, performance","Normal","TODO",""
"Backend","Reports","budgetwise-api/src/reports/reports.module.ts","Behavior, auth/tenant safety, DTO validation, error handling, performance","Normal","TODO",""
"Backend","Reports","budgetwise-api/src/reports/reports.service.ts","Behavior, auth/tenant safety, DTO validation, error handling, performance","High","TODO",""
"Backend","Reports","budgetwise-api/src/reports/types/report.types.ts","Behavior, auth/tenant safety, DTO validation, error handling, performance","Normal","TODO",""
"Backend","Scheduled Transactions","budgetwise-api/src/scheduled-transactions/dto/create-scheduled-transaction.dto.ts","Behavior, auth/tenant safety, DTO validation, error handling, performance","Normal","TODO",""
"Backend","Scheduled Transactions","budgetwise-api/src/scheduled-transactions/dto/update-scheduled-transaction.dto.ts","Behavior, auth/tenant safety, DTO validation, error handling, performance","Normal","TODO",""
"Backend","Scheduled Transactions","budgetwise-api/src/scheduled-transactions/scheduled-transactions.controller.ts","Behavior, auth/tenant safety, DTO validation, error handling, performance","Normal","TODO",""
"Backend","Scheduled Transactions","budgetwise-api/src/scheduled-transactions/scheduled-transactions.module.ts","Behavior, auth/tenant safety, DTO validation, error handling, performance","Normal","TODO",""
"Backend","Scheduled Transactions","budgetwise-api/src/scheduled-transactions/scheduled-transactions.service.ts","Behavior, auth/tenant safety, DTO validation, error handling, performance","High","TODO",""
"Backend","Scheduled Transactions","budgetwise-api/src/scheduled-transactions/scheduled-transactions-cron.service.ts","Behavior, auth/tenant safety, DTO validation, error handling, performance","Normal","TODO",""
"Backend","Transactions","budgetwise-api/src/transactions/dto/create-transaction.dto.ts","Behavior, auth/tenant safety, DTO validation, error handling, performance","Normal","TODO",""
"Backend","Transactions","budgetwise-api/src/transactions/dto/filter-transactions.dto.ts","Behavior, auth/tenant safety, DTO validation, error handling, performance","Normal","TODO",""
"Backend","Transactions","budgetwise-api/src/transactions/dto/update-transaction.dto.ts","Behavior, auth/tenant safety, DTO validation, error handling, performance","Normal","TODO",""
"Backend","Transactions","budgetwise-api/src/transactions/transactions.controller.ts","Behavior, auth/tenant safety, DTO validation, error handling, performance","Normal","TODO",""
"Backend","Transactions","budgetwise-api/src/transactions/transactions.module.ts","Behavior, auth/tenant safety, DTO validation, error handling, performance","Normal","TODO",""
"Backend","Transactions","budgetwise-api/src/transactions/transactions.service.ts","Behavior, auth/tenant safety, DTO validation, error handling, performance","High","TODO",""
"Backend","User","budgetwise-api/src/user/currency.constants.ts","Behavior, auth/tenant safety, DTO validation, error handling, performance","Normal","TODO",""
"Backend","User","budgetwise-api/src/user/dto/unsubscribe-email.dto.ts","Behavior, auth/tenant safety, DTO validation, error handling, performance","Normal","TODO",""
"Backend","User","budgetwise-api/src/user/dto/update-user-preferences.dto.ts","Behavior, auth/tenant safety, DTO validation, error handling, performance","Normal","TODO",""
"Backend","User","budgetwise-api/src/user/user.controller.ts","Behavior, auth/tenant safety, DTO validation, error handling, performance","Normal","TODO",""
"Backend","User","budgetwise-api/src/user/user.module.ts","Behavior, auth/tenant safety, DTO validation, error handling, performance","Normal","TODO",""
"Backend","User","budgetwise-api/src/user/user.service.ts","Behavior, auth/tenant safety, DTO validation, error handling, performance","High","TODO",""
"Frontend","Accounts","budgetwise-ui/src/app/pages/accounts/account-dialog/account-dialog.component.ts","State flow, UX edge cases, accessibility, responsiveness, API integration","Normal","TODO",""
"Frontend","Accounts","budgetwise-ui/src/app/pages/accounts/accounts.component.html","UX correctness, responsiveness, accessibility, visual regressions","Normal","TODO",""
"Frontend","Accounts","budgetwise-ui/src/app/pages/accounts/accounts.component.scss","UX correctness, responsiveness, accessibility, visual regressions","Normal","TODO",""
"Frontend","Accounts","budgetwise-ui/src/app/pages/accounts/accounts.component.ts","State flow, UX edge cases, accessibility, responsiveness, API integration","Normal","TODO",""
"Frontend","App Shell","budgetwise-ui/src/app/app.html","UX correctness, responsiveness, accessibility, visual regressions","Normal","TODO",""
"Frontend","App Shell","budgetwise-ui/src/app/app.scss","UX correctness, responsiveness, accessibility, visual regressions","Normal","TODO",""
"Frontend","App Shell","budgetwise-ui/src/app/app.ts","State flow, UX edge cases, accessibility, responsiveness, API integration","High","TODO",""
"Frontend","Auth","budgetwise-ui/src/app/pages/auth/callback/callback.component.ts","State flow, UX edge cases, accessibility, responsiveness, API integration","Normal","TODO",""
"Frontend","Auth","budgetwise-ui/src/app/pages/auth/forgot-password/forgot-password.component.html","UX correctness, responsiveness, accessibility, visual regressions","Normal","TODO",""
"Frontend","Auth","budgetwise-ui/src/app/pages/auth/forgot-password/forgot-password.component.scss","UX correctness, responsiveness, accessibility, visual regressions","Normal","TODO",""
"Frontend","Auth","budgetwise-ui/src/app/pages/auth/forgot-password/forgot-password.component.ts","State flow, UX edge cases, accessibility, responsiveness, API integration","Normal","TODO",""
"Frontend","Auth","budgetwise-ui/src/app/pages/auth/login/login.component.html","UX correctness, responsiveness, accessibility, visual regressions","Normal","TODO",""
"Frontend","Auth","budgetwise-ui/src/app/pages/auth/login/login.component.scss","UX correctness, responsiveness, accessibility, visual regressions","Normal","TODO",""
"Frontend","Auth","budgetwise-ui/src/app/pages/auth/login/login.component.ts","State flow, UX edge cases, accessibility, responsiveness, API integration","Normal","TODO",""
"Frontend","Auth","budgetwise-ui/src/app/pages/auth/register/register.component.html","UX correctness, responsiveness, accessibility, visual regressions","Normal","TODO",""
"Frontend","Auth","budgetwise-ui/src/app/pages/auth/register/register.component.scss","UX correctness, responsiveness, accessibility, visual regressions","Normal","TODO",""
"Frontend","Auth","budgetwise-ui/src/app/pages/auth/register/register.component.ts","State flow, UX edge cases, accessibility, responsiveness, API integration","Normal","TODO",""
"Frontend","Auth","budgetwise-ui/src/app/pages/auth/reset-password/reset-password.component.html","UX correctness, responsiveness, accessibility, visual regressions","Normal","TODO",""
"Frontend","Auth","budgetwise-ui/src/app/pages/auth/reset-password/reset-password.component.scss","UX correctness, responsiveness, accessibility, visual regressions","Normal","TODO",""
"Frontend","Auth","budgetwise-ui/src/app/pages/auth/reset-password/reset-password.component.ts","State flow, UX edge cases, accessibility, responsiveness, API integration","Normal","TODO",""
"Frontend","Auth","budgetwise-ui/src/app/pages/auth/verify-email/verify-email.component.html","UX correctness, responsiveness, accessibility, visual regressions","Normal","TODO",""
"Frontend","Auth","budgetwise-ui/src/app/pages/auth/verify-email/verify-email.component.scss","UX correctness, responsiveness, accessibility, visual regressions","Normal","TODO",""
"Frontend","Auth","budgetwise-ui/src/app/pages/auth/verify-email/verify-email.component.ts","State flow, UX edge cases, accessibility, responsiveness, API integration","Normal","TODO",""
"Frontend","Budgets","budgetwise-ui/src/app/pages/budgets/budget-dialog/budget-dialog.component.ts","State flow, UX edge cases, accessibility, responsiveness, API integration","Normal","TODO",""
"Frontend","Budgets","budgetwise-ui/src/app/pages/budgets/budgets.component.html","UX correctness, responsiveness, accessibility, visual regressions","Normal","TODO",""
"Frontend","Budgets","budgetwise-ui/src/app/pages/budgets/budgets.component.scss","UX correctness, responsiveness, accessibility, visual regressions","Normal","TODO",""
"Frontend","Budgets","budgetwise-ui/src/app/pages/budgets/budgets.component.ts","State flow, UX edge cases, accessibility, responsiveness, API integration","Normal","TODO",""
"Frontend","Budgets","budgetwise-ui/src/app/pages/budgets/copy-budgets-dialog/copy-budgets-dialog.component.ts","State flow, UX edge cases, accessibility, responsiveness, API integration","Normal","TODO",""
"Frontend","Categories","budgetwise-ui/src/app/pages/categories/categories.component.html","UX correctness, responsiveness, accessibility, visual regressions","Normal","TODO",""
"Frontend","Categories","budgetwise-ui/src/app/pages/categories/categories.component.scss","UX correctness, responsiveness, accessibility, visual regressions","Normal","TODO",""
"Frontend","Categories","budgetwise-ui/src/app/pages/categories/categories.component.ts","State flow, UX edge cases, accessibility, responsiveness, API integration","Normal","TODO",""
"Frontend","Categories","budgetwise-ui/src/app/pages/categories/category-dialog.component.ts","State flow, UX edge cases, accessibility, responsiveness, API integration","Normal","TODO",""
"Frontend","Core Constants","budgetwise-ui/src/app/core/constants/providers.constants.ts","State flow, UX edge cases, accessibility, responsiveness, API integration","Normal","TODO",""
"Frontend","Core Guards","budgetwise-ui/src/app/core/guards/auth.guard.ts","State flow, UX edge cases, accessibility, responsiveness, API integration","Normal","TODO",""
"Frontend","Core Guards","budgetwise-ui/src/app/core/guards/guest.guard.ts","State flow, UX edge cases, accessibility, responsiveness, API integration","Normal","TODO",""
"Frontend","Core Guards","budgetwise-ui/src/app/core/guards/verify-email.guard.ts","State flow, UX edge cases, accessibility, responsiveness, API integration","Normal","TODO",""
"Frontend","Core Interceptors","budgetwise-ui/src/app/core/interceptors/auth.interceptor.ts","State flow, UX edge cases, accessibility, responsiveness, API integration","Normal","TODO",""
"Frontend","Core Models","budgetwise-ui/src/app/core/models/account.model.ts","State flow, UX edge cases, accessibility, responsiveness, API integration","Normal","TODO",""
"Frontend","Core Models","budgetwise-ui/src/app/core/models/budget.model.ts","State flow, UX edge cases, accessibility, responsiveness, API integration","Normal","TODO",""
"Frontend","Core Models","budgetwise-ui/src/app/core/models/category.model.ts","State flow, UX edge cases, accessibility, responsiveness, API integration","Normal","TODO",""
"Frontend","Core Models","budgetwise-ui/src/app/core/models/chat.model.ts","State flow, UX edge cases, accessibility, responsiveness, API integration","Normal","TODO",""
"Frontend","Core Models","budgetwise-ui/src/app/core/models/goal.model.ts","State flow, UX edge cases, accessibility, responsiveness, API integration","Normal","TODO",""
"Frontend","Core Models","budgetwise-ui/src/app/core/models/notification.model.ts","State flow, UX edge cases, accessibility, responsiveness, API integration","Normal","TODO",""
"Frontend","Core Models","budgetwise-ui/src/app/core/models/report.model.ts","State flow, UX edge cases, accessibility, responsiveness, API integration","Normal","TODO",""
"Frontend","Core Models","budgetwise-ui/src/app/core/models/scheduled-transaction.model.ts","State flow, UX edge cases, accessibility, responsiveness, API integration","Normal","TODO",""
"Frontend","Core Models","budgetwise-ui/src/app/core/models/transaction.model.ts","State flow, UX edge cases, accessibility, responsiveness, API integration","Normal","TODO",""
"Frontend","Core Models","budgetwise-ui/src/app/core/models/usage-limits.model.ts","State flow, UX edge cases, accessibility, responsiveness, API integration","Normal","TODO",""
"Frontend","Core Models","budgetwise-ui/src/app/core/models/user-preferences.model.ts","State flow, UX edge cases, accessibility, responsiveness, API integration","Normal","TODO",""
"Frontend","Core Services","budgetwise-ui/src/app/core/services/accounts.service.ts","State flow, UX edge cases, accessibility, responsiveness, API integration","Normal","TODO",""
"Frontend","Core Services","budgetwise-ui/src/app/core/services/auth.service.ts","State flow, UX edge cases, accessibility, responsiveness, API integration","Normal","TODO",""
"Frontend","Core Services","budgetwise-ui/src/app/core/services/budgets.service.ts","State flow, UX edge cases, accessibility, responsiveness, API integration","Normal","TODO",""
"Frontend","Core Services","budgetwise-ui/src/app/core/services/categories.service.ts","State flow, UX edge cases, accessibility, responsiveness, API integration","Normal","TODO",""
"Frontend","Core Services","budgetwise-ui/src/app/core/services/chat.service.ts","State flow, UX edge cases, accessibility, responsiveness, API integration","Normal","TODO",""
"Frontend","Core Services","budgetwise-ui/src/app/core/services/currency.service.ts","State flow, UX edge cases, accessibility, responsiveness, API integration","Normal","TODO",""
"Frontend","Core Services","budgetwise-ui/src/app/core/services/goals.service.ts","State flow, UX edge cases, accessibility, responsiveness, API integration","Normal","TODO",""
"Frontend","Core Services","budgetwise-ui/src/app/core/services/network-status.service.ts","State flow, UX edge cases, accessibility, responsiveness, API integration","Normal","TODO",""
"Frontend","Core Services","budgetwise-ui/src/app/core/services/notifications.service.ts","State flow, UX edge cases, accessibility, responsiveness, API integration","Normal","TODO",""
"Frontend","Core Services","budgetwise-ui/src/app/core/services/onboarding-ui.service.ts","State flow, UX edge cases, accessibility, responsiveness, API integration","Normal","TODO",""
"Frontend","Core Services","budgetwise-ui/src/app/core/services/reports.service.ts","State flow, UX edge cases, accessibility, responsiveness, API integration","Normal","TODO",""
"Frontend","Core Services","budgetwise-ui/src/app/core/services/scheduled-transactions.service.ts","State flow, UX edge cases, accessibility, responsiveness, API integration","Normal","TODO",""
"Frontend","Core Services","budgetwise-ui/src/app/core/services/supabase.service.ts","State flow, UX edge cases, accessibility, responsiveness, API integration","Normal","TODO",""
"Frontend","Core Services","budgetwise-ui/src/app/core/services/theme.service.ts","State flow, UX edge cases, accessibility, responsiveness, API integration","Normal","TODO",""
"Frontend","Core Services","budgetwise-ui/src/app/core/services/transactions.service.ts","State flow, UX edge cases, accessibility, responsiveness, API integration","Normal","TODO",""
"Frontend","Core Services","budgetwise-ui/src/app/core/services/user.service.ts","State flow, UX edge cases, accessibility, responsiveness, API integration","Normal","TODO",""
"Frontend","Core Utilities","budgetwise-ui/src/app/core/utils/date.util.ts","State flow, UX edge cases, accessibility, responsiveness, API integration","Normal","TODO",""
"Frontend","Dashboard","budgetwise-ui/src/app/pages/dashboard/dashboard.component.html","UX correctness, responsiveness, accessibility, visual regressions","Normal","TODO",""
"Frontend","Dashboard","budgetwise-ui/src/app/pages/dashboard/dashboard.component.scss","UX correctness, responsiveness, accessibility, visual regressions","Normal","TODO",""
"Frontend","Dashboard","budgetwise-ui/src/app/pages/dashboard/dashboard.component.ts","State flow, UX edge cases, accessibility, responsiveness, API integration","Normal","TODO",""
"Frontend","Email Preferences","budgetwise-ui/src/app/pages/email-preferences/email-unsubscribe.component.html","UX correctness, responsiveness, accessibility, visual regressions","Normal","TODO",""
"Frontend","Email Preferences","budgetwise-ui/src/app/pages/email-preferences/email-unsubscribe.component.scss","UX correctness, responsiveness, accessibility, visual regressions","Normal","TODO",""
"Frontend","Email Preferences","budgetwise-ui/src/app/pages/email-preferences/email-unsubscribe.component.ts","State flow, UX edge cases, accessibility, responsiveness, API integration","Normal","TODO",""
"Frontend","Environment Templates","budgetwise-ui/src/environments/environment.prod.example.ts","State flow, UX edge cases, accessibility, responsiveness, API integration","Normal","TODO",""
"Frontend","Frontend Bootstrap & Styles","budgetwise-ui/src/app/app.config.ts","State flow, UX edge cases, accessibility, responsiveness, API integration","High","TODO",""
"Frontend","Frontend Bootstrap & Styles","budgetwise-ui/src/app/app.routes.ts","State flow, UX edge cases, accessibility, responsiveness, API integration","High","TODO",""
"Frontend","Frontend Bootstrap & Styles","budgetwise-ui/src/index.html","UX correctness, responsiveness, accessibility, visual regressions","Normal","TODO",""
"Frontend","Frontend Bootstrap & Styles","budgetwise-ui/src/main.ts","State flow, UX edge cases, accessibility, responsiveness, API integration","Normal","TODO",""
"Frontend","Frontend Bootstrap & Styles","budgetwise-ui/src/styles.scss","UX correctness, responsiveness, accessibility, visual regressions","Normal","TODO",""
"Frontend","Frontend Brand Assets","budgetwise-ui/src/assets/icons/apple-touch-icon.png","Asset relevance, branding consistency, size/format sanity","Normal","TODO",""
"Frontend","Frontend Brand Assets","budgetwise-ui/src/assets/og-image.png","Asset relevance, branding consistency, size/format sanity","Normal","TODO",""
"Frontend","Frontend Build Scripts","budgetwise-ui/scripts/prepare-prod-environment.mjs","Correctness, maintainability, project fit","Normal","TODO",""
"Frontend","Frontend Build Scripts","budgetwise-ui/scripts/upload-sourcemaps.mjs","Correctness, maintainability, project fit","Normal","TODO",""
"Frontend","Frontend Config & Tooling","budgetwise-ui/.editorconfig","Correctness, maintainability, project fit","Normal","TODO",""
"Frontend","Frontend Config & Tooling","budgetwise-ui/.gitignore","Correctness, maintainability, project fit","Normal","TODO",""
"Frontend","Frontend Config & Tooling","budgetwise-ui/angular.json","Config correctness, env safety, build/runtime compatibility","Normal","TODO",""
"Frontend","Frontend Config & Tooling","budgetwise-ui/ngsw-config.json","Config correctness, env safety, build/runtime compatibility","Normal","TODO",""
"Frontend","Frontend Config & Tooling","budgetwise-ui/package.json","Config correctness, env safety, build/runtime compatibility","Normal","TODO",""
"Frontend","Frontend Config & Tooling","budgetwise-ui/package-lock.json","Config correctness, env safety, build/runtime compatibility","Normal","TODO",""
"Frontend","Frontend Config & Tooling","budgetwise-ui/README.md","Accuracy, drift, missing context, outdated instructions","Normal","TODO",""
"Frontend","Frontend Config & Tooling","budgetwise-ui/tsconfig.app.json","Config correctness, env safety, build/runtime compatibility","Normal","TODO",""
"Frontend","Frontend Config & Tooling","budgetwise-ui/tsconfig.json","Config correctness, env safety, build/runtime compatibility","Normal","TODO",""
"Frontend","Goals","budgetwise-ui/src/app/pages/goals/goal-contribution-dialog/goal-contribution-dialog.component.ts","State flow, UX edge cases, accessibility, responsiveness, API integration","Normal","TODO",""
"Frontend","Goals","budgetwise-ui/src/app/pages/goals/goal-dialog/goal-dialog.component.ts","State flow, UX edge cases, accessibility, responsiveness, API integration","Normal","TODO",""
"Frontend","Goals","budgetwise-ui/src/app/pages/goals/goals.component.html","UX correctness, responsiveness, accessibility, visual regressions","Normal","TODO",""
"Frontend","Goals","budgetwise-ui/src/app/pages/goals/goals.component.scss","UX correctness, responsiveness, accessibility, visual regressions","Normal","TODO",""
"Frontend","Goals","budgetwise-ui/src/app/pages/goals/goals.component.ts","State flow, UX edge cases, accessibility, responsiveness, API integration","Normal","TODO",""
"Frontend","Goals","budgetwise-ui/src/app/pages/goals/goal-type-dialog/goal-type-dialog.component.ts","State flow, UX edge cases, accessibility, responsiveness, API integration","Normal","TODO",""
"Frontend","Help","budgetwise-ui/src/app/pages/help/help.component.html","UX correctness, responsiveness, accessibility, visual regressions","Normal","TODO",""
"Frontend","Help","budgetwise-ui/src/app/pages/help/help.component.scss","UX correctness, responsiveness, accessibility, visual regressions","Normal","TODO",""
"Frontend","Help","budgetwise-ui/src/app/pages/help/help.component.ts","State flow, UX edge cases, accessibility, responsiveness, API integration","Normal","TODO",""
"Frontend","Landing","budgetwise-ui/src/app/pages/landing/landing.component.html","UX correctness, responsiveness, accessibility, visual regressions","Normal","TODO",""
"Frontend","Landing","budgetwise-ui/src/app/pages/landing/landing.component.scss","UX correctness, responsiveness, accessibility, visual regressions","Normal","TODO",""
"Frontend","Landing","budgetwise-ui/src/app/pages/landing/landing.component.ts","State flow, UX edge cases, accessibility, responsiveness, API integration","Normal","TODO",""
"Frontend","Landing","budgetwise-ui/src/app/pages/landing/landing-page.global.scss","UX correctness, responsiveness, accessibility, visual regressions","Normal","TODO",""
"Frontend","Landing Assets","budgetwise-ui/src/assets/landing/dashboard-preview.png","Asset relevance, branding consistency, size/format sanity","Normal","TODO",""
"Frontend","Legal","budgetwise-ui/src/app/pages/legal/legal.scss","UX correctness, responsiveness, accessibility, visual regressions","Normal","TODO",""
"Frontend","Legal","budgetwise-ui/src/app/pages/legal/privacy-policy/privacy-policy.component.html","UX correctness, responsiveness, accessibility, visual regressions","Normal","TODO",""
"Frontend","Legal","budgetwise-ui/src/app/pages/legal/privacy-policy/privacy-policy.component.ts","State flow, UX edge cases, accessibility, responsiveness, API integration","Normal","TODO",""
"Frontend","Legal","budgetwise-ui/src/app/pages/legal/terms-of-service/terms-of-service.component.html","UX correctness, responsiveness, accessibility, visual regressions","Normal","TODO",""
"Frontend","Legal","budgetwise-ui/src/app/pages/legal/terms-of-service/terms-of-service.component.ts","State flow, UX edge cases, accessibility, responsiveness, API integration","Normal","TODO",""
"Frontend","Not Found","budgetwise-ui/src/app/pages/not-found/not-found.component.html","UX correctness, responsiveness, accessibility, visual regressions","Normal","TODO",""
"Frontend","Not Found","budgetwise-ui/src/app/pages/not-found/not-found.component.scss","UX correctness, responsiveness, accessibility, visual regressions","Normal","TODO",""
"Frontend","Not Found","budgetwise-ui/src/app/pages/not-found/not-found.component.ts","State flow, UX edge cases, accessibility, responsiveness, API integration","Normal","TODO",""
"Frontend","Provider Brand Assets","budgetwise-ui/src/assets/providers/bdo.svg","Asset relevance, branding consistency, size/format sanity","Normal","TODO",""
"Frontend","Provider Brand Assets","budgetwise-ui/src/assets/providers/bpi.svg","Asset relevance, branding consistency, size/format sanity","Normal","TODO",""
"Frontend","Provider Brand Assets","budgetwise-ui/src/assets/providers/chinabank.jpeg","Asset relevance, branding consistency, size/format sanity","Normal","TODO",""
"Frontend","Provider Brand Assets","budgetwise-ui/src/assets/providers/coins.svg","Asset relevance, branding consistency, size/format sanity","Normal","TODO",""
"Frontend","Provider Brand Assets","budgetwise-ui/src/assets/providers/dbp.svg","Asset relevance, branding consistency, size/format sanity","Normal","TODO",""
"Frontend","Provider Brand Assets","budgetwise-ui/src/assets/providers/eastwestbank.png","Asset relevance, branding consistency, size/format sanity","Normal","TODO",""
"Frontend","Provider Brand Assets","budgetwise-ui/src/assets/providers/gcash.svg","Asset relevance, branding consistency, size/format sanity","Normal","TODO",""
"Frontend","Provider Brand Assets","budgetwise-ui/src/assets/providers/grabpay.svg","Asset relevance, branding consistency, size/format sanity","Normal","TODO",""
"Frontend","Provider Brand Assets","budgetwise-ui/src/assets/providers/homecredit.svg","Asset relevance, branding consistency, size/format sanity","Normal","TODO",""
"Frontend","Provider Brand Assets","budgetwise-ui/src/assets/providers/landbank.svg","Asset relevance, branding consistency, size/format sanity","Normal","TODO",""
"Frontend","Provider Brand Assets","budgetwise-ui/src/assets/providers/maya.svg","Asset relevance, branding consistency, size/format sanity","Normal","TODO",""
"Frontend","Provider Brand Assets","budgetwise-ui/src/assets/providers/metrobank.svg","Asset relevance, branding consistency, size/format sanity","Normal","TODO",""
"Frontend","Provider Brand Assets","budgetwise-ui/src/assets/providers/pnb.svg","Asset relevance, branding consistency, size/format sanity","Normal","TODO",""
"Frontend","Provider Brand Assets","budgetwise-ui/src/assets/providers/rcbc.svg","Asset relevance, branding consistency, size/format sanity","Normal","TODO",""
"Frontend","Provider Brand Assets","budgetwise-ui/src/assets/providers/securitybank.svg","Asset relevance, branding consistency, size/format sanity","Normal","TODO",""
"Frontend","Provider Brand Assets","budgetwise-ui/src/assets/providers/shopeepay.jpeg","Asset relevance, branding consistency, size/format sanity","Normal","TODO",""
"Frontend","Provider Brand Assets","budgetwise-ui/src/assets/providers/unionbank.svg","Asset relevance, branding consistency, size/format sanity","Normal","TODO",""
"Frontend","Public Web Assets","budgetwise-ui/public/favicon.ico","Asset relevance, branding consistency, size/format sanity","Normal","TODO",""
"Frontend","Public Web Assets","budgetwise-ui/public/favicon-16x16.png","Asset relevance, branding consistency, size/format sanity","Normal","TODO",""
"Frontend","Public Web Assets","budgetwise-ui/public/favicon-32x32.png","Asset relevance, branding consistency, size/format sanity","Normal","TODO",""
"Frontend","Public Web Assets","budgetwise-ui/public/manifest.webmanifest","Config correctness, env safety, build/runtime compatibility","Normal","TODO",""
"Frontend","PWA Public Icons","budgetwise-ui/public/icons/apple-touch-icon.png","Asset relevance, branding consistency, size/format sanity","Normal","TODO",""
"Frontend","PWA Public Icons","budgetwise-ui/public/icons/icon-128x128.png","Asset relevance, branding consistency, size/format sanity","Normal","TODO",""
"Frontend","PWA Public Icons","budgetwise-ui/public/icons/icon-144x144.png","Asset relevance, branding consistency, size/format sanity","Normal","TODO",""
"Frontend","PWA Public Icons","budgetwise-ui/public/icons/icon-152x152.png","Asset relevance, branding consistency, size/format sanity","Normal","TODO",""
"Frontend","PWA Public Icons","budgetwise-ui/public/icons/icon-192x192.png","Asset relevance, branding consistency, size/format sanity","Normal","TODO",""
"Frontend","PWA Public Icons","budgetwise-ui/public/icons/icon-384x384.png","Asset relevance, branding consistency, size/format sanity","Normal","TODO",""
"Frontend","PWA Public Icons","budgetwise-ui/public/icons/icon-512x512.png","Asset relevance, branding consistency, size/format sanity","Normal","TODO",""
"Frontend","PWA Public Icons","budgetwise-ui/public/icons/icon-72x72.png","Asset relevance, branding consistency, size/format sanity","Normal","TODO",""
"Frontend","PWA Public Icons","budgetwise-ui/public/icons/icon-96x96.png","Asset relevance, branding consistency, size/format sanity","Normal","TODO",""
"Frontend","Reports","budgetwise-ui/src/app/pages/reports/reports.component.html","UX correctness, responsiveness, accessibility, visual regressions","Normal","TODO",""
"Frontend","Reports","budgetwise-ui/src/app/pages/reports/reports.component.scss","UX correctness, responsiveness, accessibility, visual regressions","Normal","TODO",""
"Frontend","Reports","budgetwise-ui/src/app/pages/reports/reports.component.ts","State flow, UX edge cases, accessibility, responsiveness, API integration","Normal","TODO",""
"Frontend","Scheduled Transactions","budgetwise-ui/src/app/pages/scheduled-transactions/scheduled-transaction-dialog/scheduled-transaction-dialog.component.ts","State flow, UX edge cases, accessibility, responsiveness, API integration","Normal","TODO",""
"Frontend","Scheduled Transactions","budgetwise-ui/src/app/pages/scheduled-transactions/scheduled-transactions.component.html","UX correctness, responsiveness, accessibility, visual regressions","Normal","TODO",""
"Frontend","Scheduled Transactions","budgetwise-ui/src/app/pages/scheduled-transactions/scheduled-transactions.component.scss","UX correctness, responsiveness, accessibility, visual regressions","Normal","TODO",""
"Frontend","Scheduled Transactions","budgetwise-ui/src/app/pages/scheduled-transactions/scheduled-transactions.component.ts","State flow, UX edge cases, accessibility, responsiveness, API integration","Normal","TODO",""
"Frontend","Scheduled Transactions","budgetwise-ui/src/app/pages/scheduled-transactions/scheduled-transactions-calendar/scheduled-transactions-calendar.component.html","UX correctness, responsiveness, accessibility, visual regressions","Normal","TODO",""
"Frontend","Scheduled Transactions","budgetwise-ui/src/app/pages/scheduled-transactions/scheduled-transactions-calendar/scheduled-transactions-calendar.component.scss","UX correctness, responsiveness, accessibility, visual regressions","Normal","TODO",""
"Frontend","Scheduled Transactions","budgetwise-ui/src/app/pages/scheduled-transactions/scheduled-transactions-calendar/scheduled-transactions-calendar.component.ts","State flow, UX edge cases, accessibility, responsiveness, API integration","Normal","TODO",""
"Frontend","Scheduled Transactions","budgetwise-ui/src/app/pages/scheduled-transactions/scheduled-transactions-calendar/scheduled-transactions-day-sheet.component.ts","State flow, UX edge cases, accessibility, responsiveness, API integration","Normal","TODO",""
"Frontend","Settings","budgetwise-ui/src/app/pages/settings/change-email-dialog.component.ts","State flow, UX edge cases, accessibility, responsiveness, API integration","Normal","TODO",""
"Frontend","Settings","budgetwise-ui/src/app/pages/settings/change-password-dialog.component.ts","State flow, UX edge cases, accessibility, responsiveness, API integration","Normal","TODO",""
"Frontend","Settings","budgetwise-ui/src/app/pages/settings/delete-account-dialog.component.ts","State flow, UX edge cases, accessibility, responsiveness, API integration","Normal","TODO",""
"Frontend","Settings","budgetwise-ui/src/app/pages/settings/settings.component.html","UX correctness, responsiveness, accessibility, visual regressions","Normal","TODO",""
"Frontend","Settings","budgetwise-ui/src/app/pages/settings/settings.component.scss","UX correctness, responsiveness, accessibility, visual regressions","Normal","TODO",""
"Frontend","Settings","budgetwise-ui/src/app/pages/settings/settings.component.ts","State flow, UX edge cases, accessibility, responsiveness, API integration","Normal","TODO",""
"Frontend","Shared Chat Panel","budgetwise-ui/src/app/shared/components/chat-panel/chat-panel.component.html","UX correctness, responsiveness, accessibility, visual regressions","Normal","TODO",""
"Frontend","Shared Chat Panel","budgetwise-ui/src/app/shared/components/chat-panel/chat-panel.component.scss","UX correctness, responsiveness, accessibility, visual regressions","Normal","TODO",""
"Frontend","Shared Chat Panel","budgetwise-ui/src/app/shared/components/chat-panel/chat-panel.component.ts","State flow, UX edge cases, accessibility, responsiveness, API integration","Normal","TODO",""
"Frontend","Shared Confirm Dialog","budgetwise-ui/src/app/shared/components/confirm-dialog/confirm-dialog.component.ts","State flow, UX edge cases, accessibility, responsiveness, API integration","Normal","TODO",""
"Frontend","Shared Notification Bell","budgetwise-ui/src/app/shared/components/notification-bell/notification-bell.component.html","UX correctness, responsiveness, accessibility, visual regressions","Normal","TODO",""
"Frontend","Shared Notification Bell","budgetwise-ui/src/app/shared/components/notification-bell/notification-bell.component.scss","UX correctness, responsiveness, accessibility, visual regressions","Normal","TODO",""
"Frontend","Shared Notification Bell","budgetwise-ui/src/app/shared/components/notification-bell/notification-bell.component.ts","State flow, UX edge cases, accessibility, responsiveness, API integration","Normal","TODO",""
"Frontend","Shared Offline Banner","budgetwise-ui/src/app/shared/components/offline-banner/offline-banner.component.html","UX correctness, responsiveness, accessibility, visual regressions","Normal","TODO",""
"Frontend","Shared Offline Banner","budgetwise-ui/src/app/shared/components/offline-banner/offline-banner.component.scss","UX correctness, responsiveness, accessibility, visual regressions","Normal","TODO",""
"Frontend","Shared Offline Banner","budgetwise-ui/src/app/shared/components/offline-banner/offline-banner.component.ts","State flow, UX edge cases, accessibility, responsiveness, API integration","Normal","TODO",""
"Frontend","Shared Onboarding","budgetwise-ui/src/app/shared/components/onboarding/onboarding.component.html","UX correctness, responsiveness, accessibility, visual regressions","Normal","TODO",""
"Frontend","Shared Onboarding","budgetwise-ui/src/app/shared/components/onboarding/onboarding.component.scss","UX correctness, responsiveness, accessibility, visual regressions","Normal","TODO",""
"Frontend","Shared Onboarding","budgetwise-ui/src/app/shared/components/onboarding/onboarding.component.ts","State flow, UX edge cases, accessibility, responsiveness, API integration","Normal","TODO",""
"Frontend","Shared Pipes","budgetwise-ui/src/app/shared/pipes/app-currency.pipe.ts","State flow, UX edge cases, accessibility, responsiveness, API integration","Normal","TODO",""
"Frontend","Shared Pipes","budgetwise-ui/src/app/shared/pipes/markdown.pipe.ts","State flow, UX edge cases, accessibility, responsiveness, API integration","Normal","TODO",""
"Frontend","Transactions","budgetwise-ui/src/app/pages/transactions/transaction-dialog/transaction-dialog.component.ts","State flow, UX edge cases, accessibility, responsiveness, API integration","Normal","TODO",""
"Frontend","Transactions","budgetwise-ui/src/app/pages/transactions/transactions.component.html","UX correctness, responsiveness, accessibility, visual regressions","Normal","TODO",""
"Frontend","Transactions","budgetwise-ui/src/app/pages/transactions/transactions.component.scss","UX correctness, responsiveness, accessibility, visual regressions","Normal","TODO",""
"Frontend","Transactions","budgetwise-ui/src/app/pages/transactions/transactions.component.ts","State flow, UX edge cases, accessibility, responsiveness, API integration","Normal","TODO",""
"Root Project","Project Docs & Config",".gitignore","Correctness, maintainability, project fit","Normal","TODO",""
"Root Project","Project Docs & Config","AGENTS.md","Accuracy, drift, missing context, outdated instructions","Normal","TODO",""
"Root Project","Project Docs & Config","CLAUDE.md","Accuracy, drift, missing context, outdated instructions","Normal","TODO",""
"Root Project","Project Docs & Config","CODEBASE-WIKI.md","Accuracy, drift, missing context, outdated instructions","Normal","TODO",""
"Root Project","Project Docs & Config","CODE-REVIEW-PLAN.md","Accuracy, drift, missing context, outdated instructions","Normal","TODO",""
"Root Project","Project Docs & Config","code-review-remediation-backlog.md","Accuracy, drift, missing context, outdated instructions","Normal","TODO",""
"Root Project","Project Docs & Config","PROJECT-STATUS.md","Accuracy, drift, missing context, outdated instructions","Normal","TODO",""
"Root Project","Project Docs & Config","SECURITY.md","Accuracy, drift, missing context, outdated instructions","Normal","TODO",""
"Root Project","Project Docs & Config","SETUP-GUIDE.md","Accuracy, drift, missing context, outdated instructions","Normal","TODO",""
"Wiki/Docs","Wiki Architecture","wiki/architecture/api-routes.md","Accuracy, drift, missing context, outdated instructions","Normal","TODO",""
"Wiki/Docs","Wiki Architecture","wiki/architecture/chat-agent-flow.md","Accuracy, drift, missing context, outdated instructions","Normal","TODO",""
"Wiki/Docs","Wiki Architecture","wiki/architecture/database-schema.md","Accuracy, drift, missing context, outdated instructions","Normal","TODO",""
"Wiki/Docs","Wiki Architecture","wiki/architecture/data-flow.md","Accuracy, drift, missing context, outdated instructions","Normal","TODO",""
"Wiki/Docs","Wiki Architecture","wiki/architecture/project-structure.md","Accuracy, drift, missing context, outdated instructions","Normal","TODO",""
"Wiki/Docs","Wiki Backend Modules","wiki/modules/backend/accounts.md","Accuracy, drift, missing context, outdated instructions","Normal","TODO",""
"Wiki/Docs","Wiki Backend Modules","wiki/modules/backend/auth.md","Accuracy, drift, missing context, outdated instructions","Normal","TODO",""
"Wiki/Docs","Wiki Backend Modules","wiki/modules/backend/budgets.md","Accuracy, drift, missing context, outdated instructions","Normal","TODO",""
"Wiki/Docs","Wiki Backend Modules","wiki/modules/backend/categories.md","Accuracy, drift, missing context, outdated instructions","Normal","TODO",""
"Wiki/Docs","Wiki Backend Modules","wiki/modules/backend/chat.md","Accuracy, drift, missing context, outdated instructions","Normal","TODO",""
"Wiki/Docs","Wiki Backend Modules","wiki/modules/backend/email.md","Accuracy, drift, missing context, outdated instructions","Normal","TODO",""
"Wiki/Docs","Wiki Backend Modules","wiki/modules/backend/goals.md","Accuracy, drift, missing context, outdated instructions","Normal","TODO",""
"Wiki/Docs","Wiki Backend Modules","wiki/modules/backend/health.md","Accuracy, drift, missing context, outdated instructions","Normal","TODO",""
"Wiki/Docs","Wiki Backend Modules","wiki/modules/backend/notifications.md","Accuracy, drift, missing context, outdated instructions","Normal","TODO",""
"Wiki/Docs","Wiki Backend Modules","wiki/modules/backend/reports.md","Accuracy, drift, missing context, outdated instructions","Normal","TODO",""
"Wiki/Docs","Wiki Backend Modules","wiki/modules/backend/scheduled-transactions.md","Accuracy, drift, missing context, outdated instructions","Normal","TODO",""
"Wiki/Docs","Wiki Backend Modules","wiki/modules/backend/transactions.md","Accuracy, drift, missing context, outdated instructions","Normal","TODO",""
"Wiki/Docs","Wiki Backend Modules","wiki/modules/backend/user.md","Accuracy, drift, missing context, outdated instructions","Normal","TODO",""
"Wiki/Docs","Wiki Entities","wiki/entities/account.md","Accuracy, drift, missing context, outdated instructions","Normal","TODO",""
"Wiki/Docs","Wiki Entities","wiki/entities/budget.md","Accuracy, drift, missing context, outdated instructions","Normal","TODO",""
"Wiki/Docs","Wiki Entities","wiki/entities/category.md","Accuracy, drift, missing context, outdated instructions","Normal","TODO",""
"Wiki/Docs","Wiki Entities","wiki/entities/chat-message.md","Accuracy, drift, missing context, outdated instructions","Normal","TODO",""
"Wiki/Docs","Wiki Entities","wiki/entities/chat-session.md","Accuracy, drift, missing context, outdated instructions","Normal","TODO",""
"Wiki/Docs","Wiki Entities","wiki/entities/goal.md","Accuracy, drift, missing context, outdated instructions","Normal","TODO",""
"Wiki/Docs","Wiki Entities","wiki/entities/goal-contribution.md","Accuracy, drift, missing context, outdated instructions","Normal","TODO",""
"Wiki/Docs","Wiki Entities","wiki/entities/notification.md","Accuracy, drift, missing context, outdated instructions","Normal","TODO",""
"Wiki/Docs","Wiki Entities","wiki/entities/scheduled-transaction.md","Accuracy, drift, missing context, outdated instructions","Normal","TODO",""
"Wiki/Docs","Wiki Entities","wiki/entities/transaction.md","Accuracy, drift, missing context, outdated instructions","Normal","TODO",""
"Wiki/Docs","Wiki Frontend Modules","wiki/modules/frontend/accounts-page.md","Accuracy, drift, missing context, outdated instructions","Normal","TODO",""
"Wiki/Docs","Wiki Frontend Modules","wiki/modules/frontend/auth-pages.md","Accuracy, drift, missing context, outdated instructions","Normal","TODO",""
"Wiki/Docs","Wiki Frontend Modules","wiki/modules/frontend/budgets-page.md","Accuracy, drift, missing context, outdated instructions","Normal","TODO",""
"Wiki/Docs","Wiki Frontend Modules","wiki/modules/frontend/categories-page.md","Accuracy, drift, missing context, outdated instructions","Normal","TODO",""
"Wiki/Docs","Wiki Frontend Modules","wiki/modules/frontend/chat-panel.md","Accuracy, drift, missing context, outdated instructions","Normal","TODO",""
"Wiki/Docs","Wiki Frontend Modules","wiki/modules/frontend/dashboard.md","Accuracy, drift, missing context, outdated instructions","Normal","TODO",""
"Wiki/Docs","Wiki Frontend Modules","wiki/modules/frontend/email-preferences-page.md","Accuracy, drift, missing context, outdated instructions","Normal","TODO",""
"Wiki/Docs","Wiki Frontend Modules","wiki/modules/frontend/goals-page.md","Accuracy, drift, missing context, outdated instructions","Normal","TODO",""
"Wiki/Docs","Wiki Frontend Modules","wiki/modules/frontend/help-page.md","Accuracy, drift, missing context, outdated instructions","Normal","TODO",""
"Wiki/Docs","Wiki Frontend Modules","wiki/modules/frontend/landing-page.md","Accuracy, drift, missing context, outdated instructions","Normal","TODO",""
"Wiki/Docs","Wiki Frontend Modules","wiki/modules/frontend/legal-pages.md","Accuracy, drift, missing context, outdated instructions","Normal","TODO",""
"Wiki/Docs","Wiki Frontend Modules","wiki/modules/frontend/not-found-page.md","Accuracy, drift, missing context, outdated instructions","Normal","TODO",""
"Wiki/Docs","Wiki Frontend Modules","wiki/modules/frontend/reports-page.md","Accuracy, drift, missing context, outdated instructions","Normal","TODO",""
"Wiki/Docs","Wiki Frontend Modules","wiki/modules/frontend/scheduled-transactions-page.md","Accuracy, drift, missing context, outdated instructions","Normal","TODO",""
"Wiki/Docs","Wiki Frontend Modules","wiki/modules/frontend/settings-page.md","Accuracy, drift, missing context, outdated instructions","Normal","TODO",""
"Wiki/Docs","Wiki Frontend Modules","wiki/modules/frontend/transactions-page.md","Accuracy, drift, missing context, outdated instructions","Normal","TODO",""
"Wiki/Docs","Wiki Project Notes","wiki/project/decisions.md","Accuracy, drift, missing context, outdated instructions","Normal","TODO",""
"Wiki/Docs","Wiki Project Notes","wiki/project/known-issues.md","Accuracy, drift, missing context, outdated instructions","Normal","TODO",""
"Wiki/Docs","Wiki Project Notes","wiki/project/tickets-overview.md","Accuracy, drift, missing context, outdated instructions","Normal","TODO",""
"Wiki/Docs","Wiki Root","wiki/index.md","Accuracy, drift, missing context, outdated instructions","Normal","TODO",""
"Wiki/Docs","Wiki Root","wiki/log.md","Accuracy, drift, missing context, outdated instructions","Normal","TODO",""
"Wiki/Docs","Wiki Root","wiki/overview.md","Accuracy, drift, missing context, outdated instructions","Normal","TODO",""
"Wiki/Docs","Wiki Shared Modules","wiki/shared/core-models.md","Accuracy, drift, missing context, outdated instructions","Normal","TODO",""
"Wiki/Docs","Wiki Shared Modules","wiki/shared/core-services.md","Accuracy, drift, missing context, outdated instructions","Normal","TODO",""
"Wiki/Docs","Wiki Shared Modules","wiki/shared/guards.md","Accuracy, drift, missing context, outdated instructions","Normal","TODO",""
"Wiki/Docs","Wiki Shared Modules","wiki/shared/interceptors.md","Accuracy, drift, missing context, outdated instructions","Normal","TODO",""
"Wiki/Docs","Wiki Shared Modules","wiki/shared/pipes.md","Accuracy, drift, missing context, outdated instructions","Normal","TODO",""
